Primavera,2025-03-20,2025-06-20
Verano,2025-06-21,2025-09-21
Otoño,2025-09-22,2025-12-21
Invierno,2025-12-22,2025-03-19
Navidad,2025-12-01,2025-12-31
Halloween,2025-10-01,2025-10-31
SemanaSanta,2025-04-01,2025-04-07
VacacionesDeInvierno,2025-07-01,2025-07-31
VacacionesDeVerano,2025-07-01,2025-08-31
FeriaDeVerano,2025-06-01,2025-06-15
FiestasDeFinDeAño,2025-11-01,2025-12-31
FeriaDeOtoño,2025-09-01,2025-09-30
Semana Santa,2025-05-06,2025-05-07
Semana Santa,2025-05-07,2025-05-08
Semana Santa,2025-05-07,2025-05-08
